COL4A5_1F	GCTTCTTTCTCTTCACCCAAG	CCTAGTCAACGCCAAAAGGA
COL4A2_1R	GGATTGTTGATTTCAGTTGAGC	TGTGACAGAAACTGATGTGTCC
COL4A5_2F	TGAATCTCAACCATGCCTGT	GACTCCCCGTCATTCCATT
COL4A5_2R	TAAATGCTTCTTCCTTGGGTG	CATAATTCTCAACCATAAGCTAC
COL4A5_3F	GTGCAATGAAGACAATGCTCC	ACCCAATGCAATATCCCAGC
COL4A5_3R	TGGCATGTTTCAAAATGGCTT	TTGAAGTTGCCAGCTTTCCT
COL4A5_4F	CAGTGTACTCTGGCCACTTCC	ATTCTCCCTGGTCCAGATTG
COL4A5_4R	GGCGACACAAGTGAGACTTTG	TTCACCATATCATTGTAAAGTCACC
COL4A5_5-6F	GCTACCTCTCTACCTCTGCC	CCTTGCTCACCCTGTTTGCA
COL4A5_5-6R	GTGAGTAAAGAAAGAGAGCTGGTTAT	ACCCTTATATATAACCACATTTCAGCT
COL4A5_7-8F	TTGCTCCAACATAGATGTAGCTGT	TTGTCATACTGCTTCTCTGCCA
COL4A5_7-8R	TGCTGCAAGCTTTGGTTAAG	CTGTGATTTATGGCAATGGAAT
COL4A5_9F	CATCACAGGTTAGGCTTAGC	GACCTTGAGGTCAACATTACTGA
COL4A5_9R	AATGTTTTCAGGAGAACAAGGCT	TCTCCTACTTCCATGCTGACCA
COL4A5_10F	GAAGATCTTATCATTATCTAATGT	CAGAAACGCAACAAATGAGGC
COL4A5_10R	TGGATGTTTACATTTGCTCTTCA	TGAGATGGTCTTGGGGTATGA
COL4A5_11-12F	AGGCTTCTCCAATCACACCA	TGATAACAAATGGAGGCATTTCA
COL4A5_11-12R	GGAGTTCAAGCTCAAAGCTTA	TCTCAGCATCAGTCCCATCC
COL4A5_13F	ATGGCTATATCCTTTCCCCAGT	GCCAGGGAAACACACCTCT
COL4A5_13R	TGCTTTACCAGCGATCTCAGTA	ACGCCACTGTACTCCAGCAT
COL4A5_14-16F	ACCTCAGGTGACCCATTGC	AGATATTTTCTTGTCTGGACTG
COL4A5_14-16R	TGTGCTTTTGACATCTTACTGTT	GGGCTTGGGATGATATCTGA
COL4A5_17F	TTCGGCATTAAATTCTCTGTGG	CACCCATAAACTTTCCCAAAGG
COL4A5_17R	TGCTGAATGAATGCCCAGT	AGCTTTTATGCTGTGGCTTGT
COL4A5_18F	TGTGCATGATGTCAAAAGTATCTCT	CAAAGTGAGCTTCCTGCAGTC
COL4A5_18R	GTGCCTTACGTCCAACCCTC	AGAAACACAAGTAACCATTGCTCA
COL4A5_19F	GCCAGTGGCCTACTCAACTATG	TGCCTTTGTTGGTGAATTCTG
COL4A5_19R	ATTTTCGTGTGAGTCCAGTGC	GCTACCCAAGCTTATTACCATGA
COL4A5_20F	CCATTCCCATGAAACCAGAC	TCATATCTGCTCAAGTATGTGCCTA
COL4A5_20R	TGGAGATAATGAAGCCTAACTCACA	TGCCAAATAAGAAGCTGCTCTG
COL4A5_21F	ACCAGCATCTTTTGGGTTTCT	CCCAGCCAATTTTAAGCACT
COL4A5_21R	CCAAAGGAGTGTCTCAAAAGC	GGAAAAGGGGAAAGTGTGTG
COL4A5_22F	TCATTTTCTCATGTTAGAATTGCAG	AGGTTTGAGTTTTCTGGGTTCTT
COL4A5_22R	TTGTGAATTCCATTAATTGCCC	ACCTGCCAGCAAAACGAAAT
COL4A5_23-24F	TGTTGTGTGGGTTTTATTCTGC	TAATTCGCCAGTGAGCCACA
COL4A5_23-24R	CTCAATCACCTTCCTCCCCT	CTTAGCCTCCGATGGTCTGG
COL4A5_25F	GGTCACTTTGGCTTCCATTTC	AGGGCCTGTCAAGGGGTAG
COL4A5_25R	TCCTTGTTGGCTTCTTTGGT	AGGTCCACATTCACCAGTCAG
COL4A5_26F	ATCCATAAGAGTGGATCAGAGCTT	TGGCCAAGGCTACTCTAGAACC
COL4A5_26R	GGCAAGTTTCCTTGAAAGGCT	GCTTTGGACTCAAATCTGACTAGC
COL4A5_27F	GAAGGCTTCCAATGAAGCAG	TGAAGGAAGCTTTGGACCTG
COL4A5_27R	GTAAACCATTAAGTCACCAAGAG	TGAGGTACATCTGAATCTTCATG
